,Cluster 0,Cluster 1,Cluster 2,Cluster 3
Cluster 0,0.0,0.304093,0.47824192,0.3579808
Cluster 1,0.304093,0.0,0.3821342,0.3859169
Cluster 2,0.47824192,0.3821342,0.0,0.33127487
Cluster 3,0.3579808,0.3859169,0.33127487,0.0
