Cluster,Papers,Avg_Distance_to_Center,Max_Distance_to_Center,Min_Distance_to_Center
Cluster 0,9,0.56330043,0.7085648,0.46895674
Cluster 1,13,0.63642067,0.7614613,0.5208094
Cluster 2,9,0.5578824,0.87601227,0.4246109
Cluster 3,13,0.6326576,0.74845845,0.49164855
