,Cluster 0,Cluster 1,Cluster 2,Cluster 3
Cluster 0,1.0000002,0.695907,0.5217581,0.6420192
Cluster 1,0.695907,0.9999998,0.6178658,0.6140831
Cluster 2,0.5217581,0.6178658,0.9999999,0.66872513
Cluster 3,0.6420192,0.6140831,0.66872513,1.0
