,Cluster 0,Cluster 1,Cluster 2,Cluster 3
Cluster 0,0.0,0.62240434,0.80279547,0.6758745
Cluster 1,0.62240434,0.0,0.69557077,0.6764616
Cluster 2,0.80279547,0.69557077,0.0,0.6488031
Cluster 3,0.6758745,0.6764616,0.6488031,0.0
